Country,Year,Life_Expectancy,Adult_Mortality,Infant_Mortality,Alcohol Consumption,Percentage_Expenditure,Hepatitis B,Measles,Under_Five_Deaths,Polio,Health_Expenditure,Diphtheria,HIV,GDP,population, thinness  10-19 years, thinness 5-9 years,Income composition of resources,Schooling
Burundi,2015,60.2172,296.1,46.3,3.99,38.46514511,94,93,67.86,94,6.29022646,94,0.36,289.3596272,10727148,7.3,7.2,0.406,4.3
Benin,2015,59.3771,246.3,63.29,1.53,21.84979057,74,67,97.87,72,2.67942166,74,0.45,1041.652523,10932783,6.9,6.8,0.481,5.42
Benin,2010,58.3627,256.7,69.65,1.35,24.17091942,76,68,109.1,77,2.99710202,76,0.68,1009.489495,9445710,7.8,7.6,0.451,4.57
Benin,2005,57.1252,283.7,76.61,1.24,23.26777649,70,61,121.6,73,2.93478227,70,1.1,805.9046853,8149419,8.7,8.6,0.43,3.85
Botswana,2015,63.8183,263.3,36.59,6.14,67.75788116,95,97,45.37,96,6.10287762,95,9.91,5869.737579,2305171,6.4,6.1,0.698,10.27
Central African Republic,2015,52.793,418.2,83.7,0.9,9.05484867,43,46,115.5,51,5.03434181,43,1.91,351.8797548,4819333,8.2,8.2,0.347,4.21
Cameroon,2015,59.658,355,57.09,4.55,10.12047958,78,74,88.12,77,3.59505081,78,1.85,1399.675336,23012646,5.6,5.5,0.514,7.05
Cameroon,2010,56.582,354.8,68.58,5.88,11.35888481,84,79,110.2,83,3.57742167,84,2.89,1383.813865,19878036,6.1,6.2,0.48,6.41
Cameroon,2005,54.3619,388.9,78.22,4.9,17.28415108,79,68,127.9,79,3.77274442,80,4.14,1129.357979,17275171,6.9,7,0.456,6.06
Algeria,2015,75.622,96.49,21.72,0.55,70.4593811,95,95,25.3,95,6.97849178,95,0.07,4197.419985,39543154,6,5.8,0.743,7.55
Algeria,2010,73.8081,104.4,23.89,0.35,69.48218536,95,95,27.81,95,5.11716986,95,0.03,4495.921476,35856344,5.9,5.8,0.714,7
Algeria,2005,72.0612,119.3,29,0.5,69.29087067,83,83,33.78,88,3.23516107,88,0.02,3131.32819,32956690,6.1,6,0.68,6.43
Gabon,2015,65.4599,228.2,35.32,8.06,58.90986633,80,68,50.4,79,2.65743947,80,1.39,7090.454634,2028517,6.1,5.9,0.694,9.53
Ghana,2015,63.1752,244.9,39.22,1.75,35.0822258,88,89,55.37,88,4.5429678,88,1.22,1711.271317,28870939,6.2,6.1,0.575,7.72
Ghana,2010,61.1571,269.5,47.4,1.6,56.07999802,94,93,69.84,94,4.22405624,94,1.43,1258.964197,25574719,7.1,7,0.547,7.66
Ghana,2005,59.7601,302.8,55.17,0.56,40.34791183,84,83,83.52,85,3.63137388,84,1.76,477.6010928,22496951,8.1,8.1,0.499,7.28
Kenya,2015,61.8922,231.7,33.08,1.65,40.38045883,89,96,45.86,83,4.76439571,89,1.9,1496.653573,46851488,7.8,7.6,0.55,6.28
Kenya,2010,60.649,285.3,38.51,1.52,28.96219444,90,86,56.07,90,5.38849831,90,3.09,1093.639624,41517895,8.2,8,0.523,6.47
Kenya,2005,57.344,437.7,47.4,0.88,26.39871979,76,69,75.99,70,3.12553811,76,4.18,522.7768402,35843010,8.6,8.5,0.474,6.48
Lesotho,2015,51.1014,498.3,63.21,3.07,59.29692841,83,93,82.49,85,8.95958614,83,18.93,1113.836835,2118521,5.5,5.3,0.495,6.44
Lesotho,2010,45.5955,477.8,67.04,2.75,56.44468689,93,88,93.03,92,8.35764122,93,22.85,1104.811547,2022747,7.2,7,0.464,6.08
Lesotho,2005,43.2325,637.1,72.3,1.94,48.25765228,87,83,116.5,88,5.44926691,89,27.19,850.7753155,1977424,9.3,9.2,0.437,7.21
Mali,2015,58.3632,277.5,70.15,0.62,22.35896111,71,66,115.6,67,4.11143351,71,0.67,723.5042049,18112907,7.7,7.5,0.438,2.78
Mali,2010,56.3817,282.8,78.4,0.6,14.29743481,72,78,134.1,77,4.67866755,73,0.87,688.3278659,15529181,8.8,8.5,0.396,2.14
Mali,2005,54.0029,302.4,88.74,0.55,26.89429283,83,73,157.8,78,5.19518089,77,1.2,473.9950468,13180551,9.9,9.7,0.338,1.81
Mauritania,2015,64.4847,204,37.25,0,38.62218857,73,70,48.94,67,3.67363763,73,0.25,1562.726836,3946220,7.8,7.5,0.513,5.1
Mauritius,2015,74.9754,147.8,12.88,2.83,41.67557907,97,99,14.6,98,5.69995832,97,1.16,9507.871337,1262879,6.9,6.8,0.779,9.9
Mauritius,2010,73.9987,162,12.55,3.15,44.14370346,99,99,14.62,99,4.57982159,99,1.63,8000.376432,1250400,7.2,7.2,0.74,9.44
Mauritius,2005,72.6748,163.8,13.38,3.83,48.18608093,97,98,15.63,97,3.56529307,97,1.75,5282.900111,1228254,7.7,7.6,0.704,8.16
Mauritius,2000,71.6366,171.8,16.61,4.58,53.52764893,88,84,18.85,88,2.89581966,88,1.97,3929.081782,1186873,8.1,8.1,0.667,7.07
Malawi,2015,61.3781,266.4,38.63,2.04,28.64990425,88,87,56.64,88,6.62879086,88,4.52,544.2768727,16938942,6.4,6.2,0.473,4.86
Malawi,2010,56.3806,366.3,52.02,1.69,22.00963974,93,93,83.02,86,5.14304781,93,7.11,688.1391912,14718422,6.8,6.7,0.43,5.01
Malawi,2005,52.0445,535.4,64.93,1.45,24.47987747,93,82,110.4,94,4.30046511,93,9.84,417.1022634,12755648,7.4,7.2,0.371,4.67
Namibia,2015,60.7002,295.8,33.27,2.63,42.20663452,92,85,46.25,92,9.98109627,92,8.11,4965.672765,2282704,8.2,8.1,0.637,6.64
Niger,2015,61.0827,257,61.27,0.12,20.7880249,84,85,120.2,83,5.34745932,84,0.1,481.1113011,20128124,9.6,9.4,0.351,2.44
Niger,2010,58.3668,269,65.85,0.11,26.44500732,70,67,133.3,75,4.96100473,70,0.14,471.612688,16647543,1.7,1.6,0.312,1.95
Rwanda,2015,65.2977,203.2,34.71,6.31,31.6441555,98,96,47.74,99,6.65446424,98,1.01,733.8874728,11642959,5.7,5.7,0.493,4.62
Senegal,2015,66.8794,188.9,35.54,0.19,24.62842751,89,80,51,85,4.37789631,89,0.11,1238.1264,14356181,9.5,9.3,0.491,3.73
Senegal,2010,64.6154,209.2,42.65,0.18,28.84069633,89,81,66.4,76,4.02764368,89,0.22,1286.604966,12530121,1.4,1.3,0.449,3.11
Senegal,2005,60.9152,244.2,53.18,0.34,43.40821075,84,74,91.68,84,3.67466521,84,0.73,1003.187193,10974057,11.4,11.3,0.415,1.67
Sierra Leone,2015,57.189,403.7,95.53,3.06,8.03731632,86,78,141,86,20.41341209,86,1.08,581.2934118,7314773,7.4,7.3,0.431,4.23
Sierra Leone,2010,53.6932,414.6,107.6,3.48,11.62602234,86,82,161.4,84,10.94337559,86,1.42,400.5407437,6436698,8.3,8.2,0.384,4.28
Togo,2015,59.3958,271,50.89,1.36,19.02897072,82,75,75.93,82,4.95647097,82,1.07,770.1433793,7473229,6.5,6.2,0.484,6.85
Togo,2010,57.3042,306.4,58.32,1.26,25.87260246,83,68,89.09,83,4.45493317,83,1.63,722.2294,6571855,7.3,7.2,0.449,6.09
Uganda,2015,61.0856,293,39.29,7.44,15.15355301,89,79,55.98,85,5.07657671,89,3.81,864.1800593,37477356,5.6,5.6,0.488,6.27
Uganda,2010,57.0547,364.3,49.67,8.55,16.1246891,80,73,76.4,79,6.80890226,80,5.34,824.7376711,32341728,6,6,0.473,5.87
Uganda,2005,52.9756,448.1,65.88,11.3,17.79239464,64,68,107.2,59,5.80518579,64,5.84,330.6028544,27946588,6.5,6.5,0.429,5.11
South Africa,2015,63.9499,304.6,29.4,7.2,57.07562637,85,86,37.34,85,8.05304241,85,11.79,6204.929901,55876504,4.4,5.3,0.665,10.15
South Africa,2010,58.8987,416.3,35.68,7.07,51.32851791,71,72,51.59,72,7.79358244,77,15.62,8059.562798,51784921,7.3,8.9,0.63,9.89
South Africa,2005,53.9797,473.6,50.11,7.17,40.00241852,79,64,79.24,75,6.86216164,81,18.39,5893.187076,49017147,11.6,13.9,0.609,8.86
South Africa,2000,58.4704,361.8,48.88,7.7,36.59454346,73,72,71.01,71,7.3366189,73,21.56,3241.661396,46813266,16.3,19.1,0.635,7.92
Zambia,2015,61.2078,294.6,47.22,3.5,47.1362648,90,90,68.22,90,4.43510246,90,8.32,1307.909649,16248230,6.3,6.1,0.576,7.9
Zambia,2010,56.7991,363.6,51.29,2.79,22.62166977,83,96,78.74,80,3.71929598,83,10.57,1469.36145,13792086,6.7,6.5,0.533,7.4
Zambia,2005,50.6591,556.3,62.39,2.41,26.68076324,82,85,106.7,84,6.86332178,82,13.13,720.4465047,11564870,7.1,7,0.467,6.59
Zimbabwe,2015,59.5911,345.5,42.11,3.84,20.81796074,87,86,60.47,88,7.44982719,87,6.5,1410.329173,14154937,5.6,5.5,0.507,8.03
Zimbabwe,2010,50.6523,500.4,52.88,3.38,26.28292847,90,90,86.11,89,10.47583866,89,10.48,937.84034,12839771,7.1,7,0.436,7.86
Argentina,2015,76.7602,112.7,10.33,8.49,66.71373749,94,89,11.59,93,10.22933674,94,0.25,13789.06042,43131966,1,0.9,0.826,9.59
Argentina,2010,75.7208,118.7,12.93,8.15,58.95255661,94,95,14.48,95,9.44546413,94,0.26,10385.96443,40788453,1,0.9,0.802,9.71
Argentina,2005,75.1388,124.9,14.82,7.6,51.41910553,88,98,16.59,95,7.61078882,98,0.27,5086.627761,39070501,1.1,1,0.78,9.57
Belize,2015,73.1866,181.6,13.18,6.71,68.06151581,94,96,15.32,94,5.891294,94,0.65,6098.60008,359871,3.5,3.4,0.706,10.56
Belize,2010,72.2716,182.2,16.22,6.47,66.5559845,96,98,18.94,96,5.63032866,96,0.62,5399.062096,322106,3.5,3.4,0.7,11.28
Belize,2005,69.3757,190.4,17.85,6.1,53.10926056,96,95,20.92,96,4.45325851,96,2.28,5236.365426,280375,3.6,3.5,0.695,10.77
Belize,2000,68.5645,198.4,20.03,4.7,46.94732666,76,96,23.61,91,3.94477701,91,2.05,4720.168218,240406,3.8,3.7,0.668,10.19
Brazil,2015,74.3325,144.5,14.25,6.63,43.25646591,96,96,15.95,98,8.90930176,96,0.38,8783.215424,205188205,2.7,2.6,0.754,7.66
Brazil,2010,73.1821,154.3,16.66,7.16,45.02125168,96,99,18.64,99,7.94516611,99,0.39,11249.29189,196353492,2.9,2.9,0.716,8.17
Brazil,2005,71.7533,162.2,22.04,6.76,41.63145828,98,98,24.8,99,8.03539562,99,0.39,4773.268551,186797334,3.2,3.1,0.694,7.67
Brazil,2000,69.7367,183.8,30.39,7.3,41.63555527,94,99,34.73,99,8.33457184,98,0.39,3726.811669,175873720,3.4,3.4,0.677,6.76
Barbados,2015,76.6502,100.9,13.04,9.68,47.23840714,97,96,14.07,97,6.7748456,97,0.48,17023.69436,278083,3.8,3.7,0.794,9.46
Barbados,2010,75.7115,107.8,13.82,8.66,53.45088959,86,85,15,90,6.77398682,86,0.64,16494.24304,274711,3.8,3.8,0.781,9.57
Barbados,2005,74.8901,113.9,14.4,7.84,57.19828796,92,93,15.74,91,6.76892185,92,0.89,14173.75138,269477,4,4,0.761,9.41
Chile,2015,79.746,88.14,6.8,7.89,48.01672745,97,96,7.96,96,8.30269146,96,0.35,13567.35722,17870124,0.8,0.8,0.845,10.49
Chile,2010,78.5015,93.63,7.42,7.55,47.10449982,92,93,8.7,92,6.77489376,92,0.31,12764.59312,17004162,0.8,0.9,0.815,10.35
Colombia,2015,76.2573,138.1,13.42,4.16,70.83104706,91,94,15.6,91,7.52338505,91,0.33,6228.651622,47119728,2.1,1.9,0.724,9.78
Colombia,2010,75.0327,145.6,15.76,4.22,72.22514343,88,88,18.38,88,7.07130098,88,0.36,6392.758026,44816108,2.2,2,0.695,9.35
Colombia,2005,73.0814,144.3,18.34,4.27,71.82036591,93,94,21.52,93,6.06709862,93,0.36,3448.538323,42220940,2.4,2.1,0.658,7.56
Colombia,2000,71.3201,171.4,21.18,4.52,74.53343964,78,88,25.07,82,5.63529348,79,0.44,2546.850214,39215135,2.6,2.3,0.65,7.12
Costa Rica,2015,79.0857,97.17,7.7,3.19,72.70618439,92,93,9.08,92,7.59196186,92,0.33,11529.95517,4895242,1.7,1.7,0.775,8.77
Costa Rica,2010,78.6704,106.5,9.14,3.74,72.31500244,89,83,10.5,93,8.02937698,88,0.29,8147.243985,4622252,1.8,1.8,0.749,8.43
Costa Rica,2005,78.5053,95.5,9.88,4.11,63.95664978,90,89,11.34,91,6.6642971,91,0.26,4643.45857,4315887,2,2,0.723,8.52
Costa Rica,2000,77.5857,99.88,11.13,4.24,64.92300415,89,82,13.11,80,6.56498671,88,0.22,3773.033793,3979193,2.4,2.3,0.702,7.96
Cuba,2015,77.772,94.34,4.51,4.65,90.33050537,99,99,5.65,99,12.81401348,99,0.31,7683.740254,11339894,3.5,3.3,0.773,11.12
Cuba,2010,77.661,97.35,5.07,4.28,90.77864838,96,99,6.36,99,10.6880827,96,0.27,5275.532601,11290417,3.4,3.2,0.784,11.06
Cuba,2005,77.0469,109.7,5.89,4.48,84.86508179,95,98,7.38,99,8.75525475,89,0.24,3791.873006,11246114,3.4,3.3,0.719,10.36
Cuba,2000,76.1831,121.1,7.02,3.93,83.69687653,98,94,8.81,98,6.58189821,95,0.21,2752.203783,11105791,3.6,3.4,0.679,9.88
Dominican Republic,2015,72.9531,163.1,28.86,5.39,50.14598465,81,90,35.09,87,4.72216797,85,0.64,6838.936746,10405832,3.3,3.2,0.718,8.48
Dominican Republic,2010,72.0933,179.7,28.97,5.54,51.10910797,83,85,35.24,85,4.92355442,88,0.88,5509.568034,9775755,3.3,3.3,0.697,8.12
Dominican Republic,2005,70.8752,212.5,29.88,5.75,31.99626732,87,79,36.49,86,4.35391188,87,1.24,3903.815207,9164768,3.5,3.4,0.668,7.54
Dominican Republic,2000,69.4232,212.4,32.46,6.72,35.02082062,68,85,40.05,71,4.88427496,78,1.73,2845.846553,8540791,3.8,3.7,0.651,7.03
Ecuador,2015,76.7893,117,13.22,3.69,57.56557465,78,84,15.37,84,7.49149466,78,0.27,6130.586676,16195902,1.2,1.1,0.739,8.54
Ecuador,2010,75.4301,134.1,16.25,3.97,46.34576416,90,95,18.98,88,6.11657906,91,0.27,4640.246344,14989585,1.3,1.2,0.703,8.02
Ecuador,2005,74.5144,148.8,19.95,3.9,30.08036232,92,93,23.52,89,5.59422064,92,0.29,3014.310009,13770012,1.4,1.3,0.688,7.7
Ecuador,2000,72.8394,159.6,24.73,4.01,28.85008049,36,99,29.63,83,3.33109665,87,0.39,1451.530885,12626507,1.6,1.5,0.668,7.41
Guatemala,2015,72.103,164.7,23.77,1.65,37.93196106,70,79,28.39,80,6.00602007,70,0.01,3994.629085,15567419,1.2,1.2,0.637,5.72
Guatemala,2010,70.8783,186.1,28.67,2.03,33.65649033,94,93,34.83,94,6.1247797,94,0.07,2852.557593,14259687,1.3,1.3,0.602,5.21
Guatemala,2005,69.1675,211.2,34.36,2.34,30.5962677,87,93,42.7,87,6.14826393,87,0.32,2068.488206,12948292,1.4,1.4,0.567,4.33
Guyana,2015,68.2015,263.9,27.38,5.48,58.58772659,95,99,33.11,92,4.02264786,95,0.91,5668.429765,755031,5.5,5.3,0.638,8.32
Guyana,2010,66.743,257.9,30.51,5.56,43.12285614,95,95,37.35,95,4.21897697,95,1.01,4589.872498,747932,5.6,5.3,0.618,9
Guyana,2005,65.132,266.6,33.42,5.84,46.93006134,93,92,41.39,93,3.79409742,93,1.38,1085.784887,759709,5.7,5.5,0.619,8.79
Honduras,2015,72.4871,146.5,17.52,2.49,39.39133835,98,98,20.52,98,7.4837904,98,0.1,2257.225284,9294505,2.1,2.1,0.623,7.04
Honduras,2010,71.0884,155.5,20.86,2.69,42.35993195,97,98,24.66,97,8.72536373,97,0.1,1874.271704,8450933,2.3,2.2,0.606,6.6
Honduras,2005,70.1041,164.4,25.05,3.02,38.92585754,97,96,30.04,98,7.50086403,98,0.24,1289.823114,7564613,2.5,2.4,0.577,6.24
Honduras,2000,68.6618,176.1,30.58,2.47,48.22546768,93,98,37.46,88,6.26817989,94,0.84,1079.605666,6656725,2.8,2.7,0.551,5.87
Haiti,2015,63.2372,244.6,52.97,2.78,11.05177689,64,69,70.13,65,5.07518148,64,1.1,1405.714786,10563757,3.9,3.9,0.49,5.5
Jamaica,2015,72.394,132.6,12.91,3.27,63.27166748,91,91,15,91,5.62470436,91,0.72,5077.550984,2794445,1.8,1.7,0.729,9.81
Jamaica,2010,72.6219,139.2,14.85,2.94,57.52955627,94,89,17.28,94,5.2951932,94,0.91,4835.791087,2733896,1.8,1.7,0.721,10.33
Jamaica,2005,71.0438,163.9,16.21,3.36,49.13597488,99,84,18.93,99,4.54581785,99,1.27,4200.388954,2676863,1.9,1.7,0.706,10.09
Mexico,2015,74.6822,128.4,13.94,4.24,52.20096588,76,97,16.21,87,5.72277403,87,0.27,10098.17318,120149897,1.5,1.5,0.758,9.65
Mexico,2010,74.1901,135.6,16.41,4.05,50.21874619,93,95,19.17,95,5.73688889,95,0.27,9823.164076,112532401,1.6,1.6,0.739,9.18
Mexico,2005,74.3765,133.6,19.46,5.03,42.23654556,98,96,22.89,98,5.83612156,98,0.27,8702.114481,105442402,1.8,1.7,0.719,8.9
Mexico,2000,73.5692,138.5,23.69,5.16,45.21740723,97,96,28.29,97,4.44912481,97,0.27,7581.845641,97873442,2,1.9,0.694,7.96
Nicaragua,2015,72.983,147.9,16.09,3.72,56.08240509,98,99,18.78,99,7.96303272,98,0.18,2025.321432,6298598,1.8,1.7,0.642,7.25
Nicaragua,2010,72.009,160.1,20.41,3.33,46.10338593,98,99,24.09,99,7.71019173,98,0.2,1495.733754,5855734,1.9,1.8,0.614,6.82
Nicaragua,2005,67.9359,179.1,25.26,3.65,40.2927475,86,96,30.31,87,6.22468948,86,0.23,1158.88129,5454678,2,1.9,0.592,6.28
Nicaragua,2000,67.2335,196.9,31.6,3.58,49.00289917,83,86,38.85,85,5.23883677,83,0.29,996.897852,5123222,2.2,2.1,0.562,5.7
Peru,2015,75.6206,125.5,12.85,5.68,60.87936783,90,92,16.55,88,4.98142099,90,0.23,6180.119268,30711863,1.1,1.1,0.737,9.61
Peru,2010,73.7106,132.2,15.49,5.23,51.89973831,93,94,19.94,92,4.71905422,93,0.25,5047.204643,29229572,1.1,1.1,0.708,9.28
Peru,2005,72.9858,143,20.53,4.65,54.98987579,94,77,26.45,66,4.66595268,77,0.33,2702.237701,28147267,1.3,1.3,0.692,9.88
Paraguay,2015,73.1905,145.8,18.89,5.21,47.17183685,92,78,22.19,93,6.69165802,92,0.21,5861.401895,6177950,2,1.9,0.692,8.4
Paraguay,2010,71.8872,151.7,21.89,6.27,38.98971558,91,93,25.96,89,5.46593952,91,0.25,4725.726341,5768613,2.1,2,0.664,7.99
Paraguay,2005,70.5269,163.5,24.97,5.51,32.83646393,92,91,29.94,96,4.82934713,96,0.28,1960.514766,5476878,2.3,2.2,0.646,8.03
El Salvador,2015,71.8143,179.5,13.26,2.54,54.90639496,94,97,15.41,94,8.75833225,94,0.31,3761.51368,6231066,1.6,1.5,0.678,7.67
El Salvador,2010,71.8478,192,16.54,2.3,49.10432816,89,92,19.33,89,8.90416241,89,0.39,3017.307395,6114034,1.7,1.6,0.662,8.06
El Salvador,2005,70.4403,206.4,21.14,2.68,46.17370224,89,99,25.02,89,9.20057869,89,0.56,2434.323531,6037817,1.9,1.8,0.644,8.08
El Salvador,2000,69.8647,218,27.39,2.65,50.27327728,99,97,33.14,98,7.84342813,99,0.75,1977.840614,5958482,2.1,2,0.607,7.04
Uruguay,2015,77.4827,114.2,7.67,6,68.40409851,95,96,8.91,95,8.29225731,95,0.43,16950.75317,3402818,1.5,1.4,0.794,8.65
Uruguay,2010,76.858,117.9,9.32,5.99,60.00210953,95,95,10.77,95,7.91117048,95,0.43,12512.59413,3352651,1.5,1.5,0.777,8.61
Uruguay,2005,76.1935,124.7,12.53,6.26,45.17630768,96,95,14.43,96,7.75686073,96,0.36,5233.457171,3317665,1.6,1.6,0.753,8.5
Uruguay,2000,75.0247,134.2,14.86,7.11,41.5463028,92,89,17.04,92,9.21095848,90,0.34,6932.478134,3292224,1.8,1.7,0.738,8.36
Afghanistan,2015,62.6587,233.2,53,0,5.1722393,64,62,70.17,67,10.10534763,64,0.06,566.8811327,33753499,17.2,17.3,0.479,4.81
Afghanistan,2010,60.8508,254.8,64.21,0.02,5.47462463,66,62,87.79,66,8.56967163,66,0.05,562.4992194,28189672,18.4,18.4,0.448,3.93
Bahrain,2015,79.4046,58.52,6.36,1.53,65.0187912,98,99,7.44,98,4.97671938,98,0.08,22795.44886,1362142,6.2,6.1,0.823,7.82
Libya,2010,72.3741,128,14.23,0,69.93810272,98,98,16.6,98,3.58541107,98,0.13,11611.3586,6491988,5.6,5.4,0.755,8.43
Libya,2005,71.5917,138.1,19.84,0.01,64.65328217,97,97,23.13,98,2.59774685,98,0.12,8108.052608,5837986,5.5,5.4,0.748,7.79
Libya,2000,70.6804,147.5,24.14,0.01,48.70888901,92,93,28.1,94,3.42542052,94,0.08,7424.353472,5154790,5.7,5.5,0.727,7.04
Morocco,2015,72.9197,70.15,20.25,0.39,38.83265686,99,99,23.6,99,5.57022429,99,0.05,3139.228271,34680458,6.4,6.2,0.645,6.15
Morocco,2010,70.8288,81.99,26.86,0.47,39.90460587,98,98,31.25,99,5.86408854,99,0.08,3067.851807,32464865,6.3,6.2,0.603,5.27
Morocco,2005,68.7039,116.4,35.44,0.46,25.20932388,96,97,41.51,98,4.73306799,98,0.09,2237.576172,30431902,6.5,6.3,0.569,4.63
Morocco,2000,66.7869,158.6,43.96,0.45,25.35758781,43,93,52.35,95,3.99666667,95,0.09,1492.377075,28554415,6.7,6.6,0.519,4.09
Qatar,2015,80.0639,62.81,6.64,1.03,86.62989044,99,99,7.76,99,3.6881299,99,0.12,66984.9102,2414573,5.2,4.9,0.855,8.46
Tunisia,2015,75.6919,92.85,14.76,1.5,53.9944458,98,98,17.17,98,6.24453449,98,0.06,3960.924849,11557779,6.5,6.4,0.723,8.63
Tunisia,2010,75.4206,99.43,15.76,1.26,55.75389099,98,97,18.39,98,5.60950756,98,0.07,4241.01191,10895063,6.3,6.3,0.71,8
Tunisia,2005,74.7642,104.5,18.8,1.25,50.8209343,97,96,22.07,98,5.14555788,98,0.05,3106.57663,10388344,6.4,6.3,0.683,7.21
Tunisia,2000,73.6901,111.5,24.99,1.2,52.6692276,94,95,29.96,97,4.81271935,97,0.01,2170.508671,9893316,6.6,6.5,0.646,6.32
Albania,2015,78.6441,92.24,8.52,4.33,42.12704086,99,97,9.58,99,6.48361206,99,0.05,3952.803574,2880703,1.2,1.3,0.762,9.99
Albania,2010,77.9359,103.5,11.87,4.88,38.12705994,99,99,13.29,99,6.23899555,99,0.06,4094.349686,2913021,1.4,1.5,0.725,10.44
Albania,2005,76.6208,105.7,17.84,4.98,45.69353485,98,97,19.98,97,5.83303022,98,0.05,2673.787816,3011487,1.8,1.8,0.685,10.24
Albania,2000,75.4043,106.1,24.08,3.92,46.5300827,96,95,27.18,97,5.94418573,97,0.02,1126.68334,3089027,2.1,2.2,0.656,9.93
Bulgaria,2015,74.6325,136.2,6.81,10.89,55.89729691,92,92,8.13,91,7.3912921,91,0.06,7078.860323,7177991,1.9,1.8,0.792,10.71
Bulgaria,2010,73.8348,143.4,9.07,9.82,55.24332809,95,97,10.83,94,7.09571743,94,0.05,6863.667068,7395599,2,2,0.77,11.07
Bulgaria,2005,72.5924,156.4,11.04,10.22,59.572052,96,96,13.28,97,6.89011478,96,0.04,3899.825963,7658972,2.2,2.3,0.745,10.61
Bulgaria,2000,71.6091,162.7,14.28,10.26,59.55728912,94,89,17.41,94,5.82970953,93,0.03,1621.262107,8170172,2.5,2.5,0.709,9.65
Cyprus,2015,80.9665,56.64,2.33,9.59,42.05354309,97,90,2.79,97,6.81669092,97,0.09,23408.44141,1187280,1,1,0.854,12.1
Cyprus,2010,79.665,65.01,2.93,11.33,45.74547958,96,87,3.46,99,6.51767111,99,0.09,31023.26758,1129686,0.9,1,0.853,11.76
Cyprus,2005,78.1008,75.01,3.96,11.41,41.47130966,88,86,4.6,98,5.43580961,98,0.07,24959.25977,1037062,0.9,1,0.826,10.19
Cyprus,2000,76.568,79.54,5.69,9.56,41.07523346,89,86,6.52,97,5.30800056,97,0.04,14388.34766,948237,0.9,1,0.798,10.82
Germany,2015,80.5742,71.19,3.31,11.06,76.95837402,87,97,3.93,92,11.18386841,93,0.07,41103.25644,81686611,1.1,1.1,0.924,12.86
Germany,2010,80.0864,77.52,3.47,11.58,75.68987274,88,97,4.18,94,11.09592915,96,0.07,41572.45595,81776930,1.1,1.1,0.907,12.58
Spain,2015,82.6464,57.71,2.75,10.35,71.31594849,97,96,3.32,97,9.12642574,97,0.16,25754.36103,46444832,0.6,0.5,0.882,11.24
Spain,2010,82.0214,64.63,3.15,8.94,74.44487,97,95,3.85,97,9.11891174,97,0.16,30532.48051,46576897,0.6,0.5,0.86,10.75
Spain,2005,80.3283,76.22,3.83,11.92,71.55541229,96,97,4.72,96,7.73191881,96,0.15,26429.15094,43653155,0.6,0.5,0.837,10.64
Spain,2000,79.4172,84.5,4.35,11.61,71.6378479,77,94,5.42,95,6.7992177,95,0.19,14749.68742,40567864,0.6,0.5,0.82,9.65
France,2015,82.1857,73.08,3.18,11.87,72.26503754,88,91,4.16,97,11.44077206,97,0.18,36652.92231,66548272,0.7,0.6,0.894,11.6
France,2010,81.4275,85.28,3.11,12.3,70.44328308,64,89,4.21,99,11.22560215,99,0.2,40676.06479,65030575,0.6,0.6,0.879,11.34
France,2005,80.3394,91.55,3.33,12.88,72.54794312,35,87,4.62,98,10.2148447,98,0.21,34768.1759,63188395,0.6,0.6,0.86,10.86
France,2000,79.0472,99.17,4.09,13.92,72.7290802,26,84,5.39,98,9.58447742,97,0.19,22416.42542,60921384,0.7,0.6,0.844,10.22
Greece,2015,80.6676,67.59,3.84,6.68,57.6655159,96,97,4.37,99,8.22004509,99,0.11,18083.87791,10820883,0.8,0.7,0.865,11.6
Greece,2010,80.5102,73.57,3.42,8.33,68.9044342,95,99,3.9,99,9.59662342,99,0.18,26716.64883,11121341,0.8,0.7,0.859,11.36
Greece,2005,79.5899,78.98,4.01,9.15,60.83423615,93,96,4.57,96,8.56466961,96,0.09,22560.14729,10987314,0.8,0.7,0.839,10.95
Greece,2000,78.3771,82.35,5.62,8.6,61.62643051,89,89,6.41,89,7.24332571,89,0.05,12072.92936,10805808,0.9,0.8,0.794,9.9
Croatia,2015,77.5599,95.58,4.18,9.64,83.11493534,94,93,4.92,94,6.70067848,94,0.04,12098.51203,4203604,1.5,1.4,0.823,11.8
Ireland,2015,81.4163,62.77,3.18,10.81,72.00896454,95,93,3.7,95,7.31753302,95,0.13,62179.26427,4701957,0.3,0.2,0.92,13.57
Ireland,2010,80.5226,65.12,3.55,11.57,76.17775726,46,90,4.17,94,10.5258255,94,0.12,48663.60044,4560155,0.3,0.2,0.907,12.45
Italy,2015,82.5255,54.86,3.01,7.14,74.43541718,93,85,3.53,93,8.85689163,93,0.13,30242.38614,60730582,0.6,0.6,0.881,11.11
Italy,2010,82.1371,57.76,3.36,6.95,78.45359039,96,91,3.96,96,8.91602039,96,0.15,36035.645,59277417,0.5,0.5,0.869,10.71
Italy,2005,81.023,65.05,3.79,8.65,77.4885788,96,87,4.47,97,8.33931828,95,0.17,32055.09208,57969484,0.5,0.5,0.851,10.2
Italy,2000,79.6072,75.39,4.73,9.78,72.63814545,94,74,5.57,97,7.56665516,87,0.18,20137.59122,56942108,0.5,0.5,0.823,9.73
Kazakhstan,2015,70.7265,192.5,10.57,3.33,63.14421844,98,99,11.86,98,3.04051137,98,0.25,10510.77032,17542806,2.4,2.5,0.793,11.69
Lithuania,2015,74.6103,165.4,3.97,14.2,66.08770752,94,94,4.88,93,6.49043989,93,0.17,14263.96458,2904910,2.6,2.6,0.846,12.44
Luxembourg,2015,81.8384,51.89,2.27,11.37,84.50590515,94,99,2.77,99,5.08113575,99,0.18,105462.0126,569604,1,0.9,0.896,11.41
Luxembourg,2010,80.5731,66.83,2.33,11.84,85.93012238,94,96,2.84,96,6.66263008,99,0.18,110885.9914,506953,0.9,0.9,0.884,11.33
Luxembourg,2005,79.4015,81.14,2.78,12.31,84.14559174,95,95,3.36,99,7.12328196,99,0.14,80988.13762,465158,1,0.9,0.874,10.59
Luxembourg,2000,77.8112,89.95,3.75,13.21,83.24607086,77,93,4.53,99,5.92533875,99,0.11,48659.59888,436300,1,1,0.848,9.92
Latvia,2015,74.6854,154.3,4.29,10.8,58.67530441,94,96,5.07,94,5.65211773,94,0.58,13786.4568,1977527,2.2,2.1,0.828,11.79
Netherlands,2015,81.4821,58.32,3.47,8.3,66.05368042,94,95,4.06,95,10.32393837,95,0.07,45193.40322,16939923,1,0.9,0.923,11.74
Portugal,2015,81.2093,76.52,2.97,10.34,61.66935349,98,98,3.65,98,9.31645775,98,0.22,19250.10654,10358076,0.7,0.5,0.841,9.14
Portugal,2010,80.035,86.04,3.06,11.26,66.51553345,97,96,3.81,97,10.03250504,98,0.29,22520.64231,10573100,0.7,0.5,0.812,8.71
Portugal,2005,78.3053,97.15,3.62,11.97,70.90158081,94,93,4.63,93,9.65306759,93,0.33,18780.12751,10503330,0.7,0.6,0.79,8.12
Portugal,2000,76.8304,109.6,5.53,12.77,69.73743439,58,87,7.2,96,8.60104179,96,0.39,11526.37207,10289898,0.8,0.6,0.777,8.41
Romania,2015,74.7901,135.9,7.72,9.45,77.94290924,90,86,9.22,89,4.94721603,89,0.08,8976.954489,19815616,2.5,2.7,0.798,11.07
Romania,2010,73.9959,154.7,10.55,10.01,79.89113617,98,95,12.39,94,5.76614285,94,0.08,8397.809173,20246871,3,3.2,0.797,11.24
Romania,2005,70.6095,162.3,15.58,9.63,79.77540588,98,97,18.27,97,5.52778196,97,0.07,4618.003508,21319685,3.3,3.8,0.745,10.89
Romania,2000,71.2823,175,18.01,9,79.25977325,98,98,21.45,99,4.20876169,99,0.07,1659.929049,22442971,4,4.3,0.703,10.7
Serbia,2015,75.8172,106.1,5.46,7.2,57.68479919,94,86,6.31,95,8.81319809,95,0.04,5588.979444,7095383,2,2,0.775,11.49
Serbia,2010,74.3753,115.1,6.57,8.87,61.00416946,89,95,7.59,91,9.52730083,91,0.04,5735.422857,7291436,2.2,2.3,0.755,11.52
Tajikistan,2015,69.3059,124.9,32.59,0.92,29.60548019,96,97,37.42,96,6.90735912,96,0.18,970.3625997,8524063,3.6,3.7,0.625,10.16
Ukraine,2015,73.4581,187.7,8.1,6.04,47.33811951,22,56,9.45,51,7.77607775,23,0.43,2124.662598,45154036,2.3,2.4,0.748,10.81
Bangladesh,2015,70.4913,133.1,30.96,0.01,17.09586334,98,97,37.97,98,2.72187114,98,0.01,1236.004392,157830000,17.9,18.3,0.575,6.76
Bangladesh,2010,68.6384,143.1,38.9,0,20.56865692,94,88,49.15,94,2.74091864,94,0.01,776.8595769,148391139,18.9,19.4,0.535,6.22
Bangladesh,2005,67.2992,154.5,49.35,0,21.87779617,45,88,64.54,94,2.44882679,93,0.01,492.8086489,140912590,19.9,2.5,0.499,5.51
Indonesia,2015,69.6989,177.6,23.22,0.08,39.59934235,84,87,27.68,85,2.92428517,84,0.25,3322.581679,259091970,1.4,1.2,0.686,8.5
Indonesia,2010,68.6793,187,27.94,0.08,23.68755341,83,78,33.85,82,2.7908783,81,0.35,3094.443079,244016173,1.6,1.5,0.656,8.02
Indonesia,2005,67.6492,189.1,33.62,0.06,28.91632652,65,77,41.66,79,2.53189397,72,0.37,1249.397694,228805144,1.9,1.9,0.629,6.68
Indonesia,2000,66.4334,187.3,41.03,0.06,29.66814041,65,76,52.23,72,1.85297656,75,0.11,770.8653516,214072421,11,11.2,0.597,5.41
Sri Lanka,2015,74.9275,131.1,7.52,2.72,43.95829391,99,99,8.78,99,3.88992047,99,0.02,3990.353117,21336697,15.1,15,0.764,10.09
Sri Lanka,2010,73.215,131.2,9.64,2.31,40.43683624,99,99,11.22,99,3.86745572,99,0.02,2836.974109,20668557,15.3,15.3,0.739,10.67
Sri Lanka,2005,72.1182,138.6,12.14,1.97,52.63922119,99,99,14.1,99,4.00972605,99,0.03,1240.518312,19673866,15.4,15.5,0.712,10.83
Myanmar,2015,65.5613,197.3,40.73,1.47,21.99240685,89,84,51.79,89,5.47780561,89,0.48,1159.340201,51483949,12.8,13,0.552,5.9
Myanmar,2010,63.3294,214.7,48.63,0.97,9.8407793,92,88,63.43,90,1.95585966,90,0.57,1003.033455,49390988,13.1,13.3,0.515,5.11
Myanmar,2005,61.5985,233,57.27,0.63,7.29122162,62,84,76.91,86,2.33031869,73,0.78,251.170357,47724471,13.2,13.6,0.465,4.45
Thailand,2015,77.7166,149,9.27,6.95,71.35247803,99,99,10.79,99,3.8522861,99,0.3,5708.794091,70294397,7.7,7.7,0.738,8.71
Thailand,2010,76.1313,161.2,11.67,6.19,73.77249908,98,98,13.56,99,3.39009809,99,0.41,4996.372098,68270489,8.2,8.3,0.711,8.47
Thailand,2005,73.8202,182.6,14.75,6.19,63.71009064,96,96,17.16,98,3.15972233,98,0.6,2876.245773,65821360,8.9,9.1,0.682,7.46
Thailand,2000,72.3156,203.6,18.7,5.81,55.18834305,95,94,21.95,97,3.10125351,97,1.03,2004.107059,63066603,9.4,9.7,0.64,6.09
Australia,2015,82.6552,62.17,3.27,9.68,71.03634644,93,95,3.87,93,10.18361282,93,0.08,56758.8692,23815995,0.6,0.6,0.937,12.92
Australia,2010,82.055,63.06,3.99,10.52,72.35727692,92,94,4.77,92,8.42325497,92,0.09,52147.02419,22031750,0.7,0.6,0.927,11.69
Australia,2005,81.1126,68.13,4.76,10.3,71.83748627,95,94,5.72,92,7.97402954,92,0.09,34479.76793,20176844,0.7,0.6,0.91,11.71
Fiji,2015,66.8436,188.1,20.72,2.63,63.11803055,99,97,24.48,99,3.32468939,99,0.2,5105.189612,917200,4,3.7,0.734,11.09
Fiji,2010,67.3276,199.9,20.11,2.42,63.89648819,98,96,23.72,98,3.41664124,99,0.15,3469.149643,905169,4,3.7,0.706,10.35
Fiji,2005,66.6325,214.5,19.76,2.03,74.21461487,99,90,23.27,97,3.25656676,96,0.07,3406.475592,874923,4.1,3.8,0.699,9.76
Fiji,2000,66.31,221.6,19.21,2.46,76.84042358,98,81,22.58,91,3.42441177,90,0.05,2015.857496,832509,4.3,4,0.681,9.97
Cambodia,2015,69.8725,174.3,27.28,3.34,21.70782852,91,85,31.75,90,6.19431591,91,0.16,1170.742816,15417523,1.9,1.9,0.558,5.32
Cambodia,2010,67.7123,196.3,37.39,2.16,19.73364639,91,90,43.95,90,6.91169977,90,0.24,782.6957386,14363532,11,11.3,0.519,4.94
Mongolia,2015,69.4977,212.9,16.62,8.35,56.92871475,99,98,19.43,99,4.23154545,99,0.02,3919.351213,2964749,2.2,2.3,0.733,9.77
Malaysia,2015,75.0942,125.6,6.98,0.55,53.20423126,99,93,8.16,99,3.82201481,99,0.23,9699.600463,31068833,7.5,7.3,0.787,11.49
Malaysia,2010,74.4423,131.5,6.96,0.52,53.05662537,96,95,8.14,96,3.16474271,96,0.28,8880.145805,28717731,8.2,8,0.764,10.89
Malaysia,2005,74.0959,138.1,7.02,0.49,48.89989853,96,96,8.21,96,2.78692698,96,0.36,5536.837483,25923536,9,8.8,0.734,10.16
Malaysia,2000,72.7755,145.1,8.72,0.56,46.65708542,97,96,10.16,98,2.51463366,98,0.46,4087.562593,22945150,9.8,9.6,0.715,9.49
New Zealand,2015,81.9765,66.68,4.58,8.68,74.69454193,92,93,5.5,92,9.28344345,92,0.06,38630.72659,4609400,0.4,0.3,0.913,10.91
New Zealand,2010,81.1019,70.84,5.16,9.62,78.27069092,90,91,6.23,93,9.59277534,93,0.07,33676.77412,4350700,0.3,0.3,0.899,11.12
New Zealand,2005,80.0572,77.39,5.48,9.32,76.9478302,87,82,6.63,89,8.27334881,89,0.06,27751.06547,4133900,0.3,0.3,0.886,12
New Zealand,2000,78.6782,86.12,6.09,8.83,74.48747253,90,85,7.39,82,7.4700222,90,0.04,13641.10272,3857700,0.3,0.3,0.864,11.98
Philippines,2015,71.2684,195,23.45,4.52,37.6732254,74,80,29.78,79,3.8982749,74,0.19,2974.296917,103031365,1,9.7,0.679,9.14
Philippines,2010,70.7542,203.1,24.81,4.73,31.90242386,88,87,31.76,88,4.13107872,88,0.1,2201.776828,94636700,1,9.7,0.662,8.65
Philippines,2005,70.2402,216.9,26.45,4.19,33.09892654,49,92,34.23,90,3.74253035,89,0.02,1245.286584,86261250,1,9.7,0.642,8.27
Philippines,2000,69.4134,212.9,28.7,4.72,44.39830017,7,78,37.71,74,3.05512357,78,0.01,1073.264436,77958223,1,9.6,0.618,7.96
Papua New Guinea,2015,64.7006,225.5,40.25,1.36,75.75406647,49,57,51.09,51,1.81881714,49,0.63,2502.073445,8682174,1.3,1.3,0.515,4.61
Singapore,2015,82.8265,53.56,2.22,1.82,47.07733917,96,95,2.74,96,4.18069839,96,0.13,55645.60686,5535002,2.2,2.2,0.924,12.54
Angola,2015,52.4,335,66,,0,64,118,98,7,,64,1.9,3695.793748,2785935,8.3,8.2,0.531,11.4
Angola,2014,51.7,348,67,8.33,23.965612,64,11699,101,68,3.31,64,2,479.31224,2692466,8.5,8.3,0.527,11.4
Angola,2013,51.1,355,69,8.1,35.95857279,77,8523,105,67,4.26,77,2.3,484.616884,2599834,8.6,8.5,0.523,11.4
Angola,2012,56,358,72,8.24,256.1225243,75,4458,110,75,3.3,75,2.6,4598.249988,259615,8.8,8.6,0.508,10.3
Angola,2011,51,361,75,8.06,239.8913921,72,1449,115,73,3.38,71,2.5,4299.12889,24218565,8.9,8.8,0.495,9.4
Angola,2010,49.6,365,78,7.8,191.6537407,77,1190,121,81,3.39,77,2.5,3529.53482,23369131,9.1,9,0.488,9
Angola,2009,49.1,369,81,7.01,212.9229325,61,2807,127,63,4.37,6,2.5,3347.84485,22549547,9.3,9.2,0.48,8.5
Angola,2008,48.7,371,84,7.07,249.9101958,69,265,133,65,3.84,69,2.6,3868.578883,2175942,9.5,9.4,0.468,8.1
Angola,2007,48.2,375,87,6.35,184.8213446,73,1014,138,75,3.38,73,2.6,2878.837144,2997687,9.6,9.6,0.454,7.7
Angola,2006,47.7,381,90,5.84,25.08688824,,765,143,36,4.54,34,2.5,262.415149,2262399,9.8,9.7,0.439,7.2
Angola,2005,47.4,382,92,5.04,98.19145117,,258,148,39,4.1,38,2.6,1443.991929,19552542,1,9.9,0.426,6.8
Angola,2004,47.1,386,94,3.53,8.8667775,,29,152,4,4.71,4,2.5,141.86844,18865716,1.2,1.1,0.415,6.4
Angola,2003,46.8,388,95,3.49,35.93349121,,1196,155,4,4.41,4,2.4,779.468356,1823369,1.4,1.3,0.406,5.9
Angola,2002,46.5,391,96,2.82,24.037942,,11945,157,37,3.63,41,2.3,711.181716,17572649,1.5,1.5,0.401,5.5
Angola,2001,45.7,44,97,2.58,30.35993647,,9046,159,41,5.38,38,2.1,526.168743,16983266,1.7,1.7,0.391,5.1
Angola,2000,45.3,48,97,1.85,15.88149254,,2219,160,3,2.79,28,2,555.2969419,1644924,1.9,1.9,0.382,4.6
Madagascar,2015,65.5,22,28,,0,69,3,38,71,,69,0.3,41.8575951,2423488,7.1,7.1,0.511,10.3
Madagascar,2014,65.1,225,29,0.01,5.339065673,73,3,39,73,3.4,73,0.3,452.4631926,2358981,7.2,7.1,0.509,10.3
Madagascar,2013,64.7,23,29,0.87,79.50882493,74,6,40,73,4.15,74,0.4,461.723722,22961146,7.3,7.2,0.508,10.3
Madagascar,2012,64.3,235,30,0.87,59.97914461,7,2,42,71,3.46,7,0.4,443.9611,22346573,7.4,7.3,0.506,10.2
Madagascar,2011,63.8,241,31,0.97,78.79967196,73,0,43,73,4.24,73,0.4,454.963464,21743949,7.5,7.4,0.504,10.2
Madagascar,2010,63.3,248,32,1.03,76.60442169,7,1,45,7,4.86,7,0.5,412.739341,2115164,7.6,7.5,0.503,10.2
Madagascar,2009,62.8,254,33,0.91,71.16601203,77,0,47,76,4.7,77,0.5,415.6893226,2569121,7.7,7.6,0.5,9.7
Madagascar,2008,62.3,259,34,0.68,6.448762615,77,3,49,77,4.5,77,0.5,47.733254,19996469,7.8,7.7,0.491,9.4
Madagascar,2007,61.9,261,35,0.71,55.43034455,84,0,51,83,4.98,84,0.6,377.8482928,19433523,7.9,7.8,0.483,9.1
Madagascar,2006,61.4,263,36,0.68,38.41870375,82,2,54,83,5.11,85,0.6,292.157443,1888268,8,7.9,0.478,9
Madagascar,2005,69,265,37,0.72,33.74786198,81,0,56,8,5.3,85,0.6,274.819723,18336724,8.1,8,0.473,8.9
Madagascar,2004,64,267,38,0.81,23.72796328,71,35558,58,74,4.89,78,0.6,245.1235876,1782997,8.2,8.1,0.466,8.7
Madagascar,2003,59.9,268,40,0.93,37.12894787,61,62233,60,65,4.81,66,0.7,316.7998965,17279141,8.3,8.3,0.457,8.5
Madagascar,2002,59.3,271,41,0.9,47.5262138,51,10795,63,61,5.29,62,0.7,262.2859481,16765117,8.5,8.4,0.462,8.3
Madagascar,2001,58.7,276,42,1.05,42.56331585,,9357,65,6,5.17,6,0.7,278.555732,1626932,8.6,8.5,0.456,8.2
Madagascar,2000,57.9,283,44,1.16,35.66125056,,35256,68,58,5.8,57,0.6,245.939659,1576686,8.7,8.6,0,8
Mozambique,2015,57.6,355,60,,0,8,79,81,8,,8,3.9,528.3125597,281691,3.6,3.5,0.414,9.1
Mozambique,2014,56.7,375,61,0.01,54.91159475,79,9,84,79,6.98,79,4.1,623.2871141,27212382,3.6,3.5,0.409,9.1
Mozambique,2013,55.3,46,62,1.16,5.813338496,78,8,87,78,5.9,78,5.1,65.985681,26434372,3.6,3.5,0.405,9.1
Mozambique,2012,54.8,48,64,1.19,49.90987221,76,145,90,73,5.58,76,6.9,566.513873,2567666,3.6,3.5,0.4,9.2
Mozambique,2011,54.3,47,66,0.94,40.80617976,76,177,94,73,6.23,76,9.6,526.5313517,249395,3.7,3.6,0.397,9.5
Mozambique,2010,54,47,69,0.96,5.743393664,74,2321,98,73,5.38,74,10.8,419.2258149,2422145,3.7,3.6,0.39,9.3
Mozambique,2009,53.8,4,70,1.18,39.75216936,74,60,101,74,5.43,74,11.3,463.852618,2352463,3.7,3.6,0.382,9.2
Mozambique,2008,53.2,45,72,1.48,0.796915785,75,4,104,74,4.91,75,12.6,53.127719,22846758,3.7,3.7,0.372,8.8
Mozambique,2007,52.1,425,74,1.03,53.9502789,75,267,108,75,5.25,75,14.1,422.1461573,22188387,3.8,3.7,0.36,8.2
Mozambique,2006,51.2,434,78,1.2,58.59644487,75,183,113,73,6.51,78,16.3,385.7567141,21547463,3.8,3.7,0.353,7.9
Mozambique,2005,58,434,80,1.23,67.33378735,75,12598,117,71,6.87,8,16.2,369.1545359,29237,3.9,3.8,0.341,7.3
Mozambique,2004,54,429,82,1.54,46.58195631,76,9396,120,69,5.91,83,15.9,336.3318145,231275,3.9,3.8,0.332,7
Mozambique,2003,51,424,85,1.68,42.52689559,76,28898,124,67,6.39,85,15.3,283.8911588,19716598,4,3.9,0.318,6.7
Mozambique,2002,49.8,416,87,2.16,40.82597077,76,7155,127,76,6.45,76,14.5,262.884551,19139658,4,4,0.311,6.2
Mozambique,2001,49.5,48,90,2.09,37.82511936,25,7085,132,72,5.64,73,13.4,256.4414872,18588758,4.1,4,0.298,5.8
Mozambique,2000,49,43,93,1.14,47.17250718,,7375,136,69,6.16,7,12.2,277.6486591,1867687,4.2,4.1,0.291,5.4
Seychelles,2015,73.2,168,0,,0,98,0,0,97,,97,0.1,1539.464,93419,5.7,6,0.781,14.1
Seychelles,2014,73,17,0,0.01,151.1045552,99,0,0,99,3.37,99,0.1,1557.77892,91359,5.7,6,0.766,13.2
Seychelles,2013,72.9,172,0,0.01,1521.672751,99,0,0,98,3.58,98,0.1,15687.34795,89949,5.7,6.1,0.762,13.5
Seychelles,2012,72.7,174,0,0.01,177.2633961,99,0,0,98,4.8,98,0.1,12845.17363,8833,5.7,6.1,0.755,13.5
Seychelles,2011,72.6,177,0,9.72,1121.475547,99,0,0,99,3.38,99,0.1,12189.9516,87441,5.7,6.1,0.744,13.3
Seychelles,2010,72.4,18,0,6.51,16.49232317,99,0,0,99,3.59,99,0.1,184.68447,8977,5.8,6.2,0.74,13.2
Seychelles,2009,72.3,182,0,4.94,75.2256582,99,0,0,99,2.64,99,0.1,976.9566,87298,5.8,6.2,0.739,13.2
Seychelles,2008,72.2,184,0,6.33,701.8526364,99,0,0,99,2.64,99,0.1,11122.8627,86956,5.9,6.3,0.739,13.2
Seychelles,2007,72.2,185,0,8.12,916.4741775,99,1,0,99,3.3,99,0.1,12154.82994,8533,5.9,6.3,0.733,13.1
Seychelles,2006,72.2,185,0,8.12,102.373909,99,10,0,99,3.73,99,0.1,1214.39987,846,5.9,6.3,0.728,13.1
Seychelles,2005,72.2,185,0,7.82,21.4653132,99,0,0,99,3.91,99,0.1,1192.5174,82858,6,6.4,0.712,12.1
Seychelles,2004,72.1,186,0,7.91,12.94324581,99,0,0,99,4.17,99,0.1,1176.65871,82475,6,6.4,0.715,12.3
Seychelles,2003,72.1,185,0,7.41,843.1186662,99,0,0,99,4.64,99,0.1,8524.961236,82781,6.1,6.5,0.713,12.1
Seychelles,2002,72.1,186,0,11.15,562.3601848,99,0,0,99,4.21,99,0.1,8331.261997,83723,6.1,6.6,0.712,12.1
Seychelles,2001,72,187,0,6.72,643.7035752,96,0,0,96,4.45,96,0.1,7663.1378,8122,6.2,6.6,0.714,12.2
Seychelles,2000,71.8,188,0,8.24,601.7608115,98,0,0,98,4.62,98,0.1,7578.85153,81131,6.3,6.7,0,12.3
Comoros,2015,63.5,227,1,,0,91,0,2,92,,91,0.8,727.6463868,777424,6.7,6.5,0.498,11.1
Comoros,2014,63.2,23,1,0.01,73.86584922,88,0,2,87,6.75,87,0.8,852.954379,759385,6.8,6.6,0.497,11.1
Comoros,2013,62.9,233,1,0.01,61.57443584,88,0,2,85,6.51,87,0.8,834.341949,7415,6.8,6.6,0.49,10.9
Comoros,2012,62.5,237,2,0.01,78.39008571,89,1,2,85,7.11,86,0.8,788.632653,723868,6.9,6.7,0.484,10.8
Comoros,2011,62.2,241,2,0.12,59.6596497,83,3,2,85,6.1,83,0.2,829.7586885,76569,7,6.8,0.479,10.6
Comoros,2010,61.8,246,2,0.15,47.30421873,74,0,2,82,5.82,74,0.1,769.1742883,689692,7.1,6.9,0.476,10.5
Comoros,2009,61.3,251,2,0.17,56.98952474,83,1,2,84,3.82,83,0.1,778.5454199,673252,7.2,7,0.465,10.3
Comoros,2008,61,255,2,0.12,93.36788979,81,0,2,81,5.13,81,0.1,795.97519,657229,7.2,7.1,0.461,10.2
Comoros,2007,66,259,2,0.16,9.087638194,75,0,2,75,4.93,75,0.1,72.759313,64162,7.3,7.2,0.459,10
Comoros,2006,63,262,2,0.25,77.0283958,69,85,2,69,4.57,69,0.1,648.38717,626425,7.4,7.3,0.451,9.9
Comoros,2005,60,266,2,0.24,69.9675435,68,912,2,67,4.32,68,0.1,621.93372,611627,7.5,7.4,0.434,9.7
Comoros,2004,59.8,269,2,0.27,7.212110766,77,0,2,73,3.96,76,0.1,616.4197236,597228,7.5,7.5,0,9.5
Comoros,2003,59.6,271,2,0.26,45.09010835,28,0,2,8,3.65,8,0.1,544.566526,583211,7.6,7.6,0,9.2
Comoros,2002,59.5,271,2,0.08,29.41897495,,0,2,98,3.39,89,0.1,433.2691451,569479,7.7,7.7,0,8.8
Comoros,2001,59.5,272,1,0.08,19.71741043,,0,2,7,2.86,7,0.1,395.9319363,555888,7.8,7.8,0,8.5
Comoros,2000,59.5,272,1,0.09,35.02948624,,0,2,7,3.56,7,0.1,375.8528566,542357,7.9,7.9,0,8.2
Swaziland,2015,58.9,373,2,,0,9,0,3,84,,9,7.1,3136.92511,131911,4,4.1,0.541,11.4
Swaziland,2014,58.4,382,2,0.01,574.3895102,98,0,3,98,9.25,98,7.3,3464.35169,129597,4.3,4.3,0.541,11.4
Swaziland,2013,57.6,393,2,0.01,708.9556648,98,0,3,98,9.66,98,9.8,3598.75972,1271456,4.5,4.6,0.539,11.4
Swaziland,2012,56.5,412,2,0.01,720.2333929,95,0,3,92,8.76,95,12.2,3851.51547,1248158,4.8,4.9,0.534,11.3
Swaziland,2011,55,438,2,5.2,735.7090978,91,0,3,85,8.61,91,15.7,3934.27325,1225258,5.1,5.2,0.526,11.2
Swaziland,2010,53.6,459,2,4.93,56.93670561,89,313,4,89,8.47,89,21.6,369.239336,122843,5.4,5.6,0.523,11
Swaziland,2009,52.6,46,3,4.9,47.6164523,88,26,4,89,8.46,88,33.7,332.517125,118675,5.8,5.9,0.519,10.8
Swaziland,2008,51.4,477,3,4.87,413.0063027,9,1,4,89,8.19,88,40.2,2842.438422,1158897,6.1,6.3,0.514,10.6
Swaziland,2007,50,51,3,5.55,43.3664999,92,0,4,88,7.5,87,40.7,347.48798,1138434,6.5,6.7,0.508,10.5
Swaziland,2006,47.8,564,3,5.53,437.0802438,93,0,4,88,6.81,87,43.7,2937.36723,112514,6.9,7.1,0.502,9.9
Swaziland,2005,46,63,3,5.08,372.1651473,95,0,4,88,6.8,86,49.1,2873.862141,115873,7.3,7.5,0.495,9.7
Swaziland,2004,45.6,69,3,5.78,37.43857664,93,0,4,88,5.88,86,50.3,2529.633557,19553,7.7,7.9,0.492,9.4
Swaziland,2003,45.9,6,3,5.65,2.819124474,9,350,4,87,5.71,85,50.6,22.99449,187392,8.2,8.4,0.493,9.1
Swaziland,2002,46.4,587,3,5.52,131.0421269,88,37,4,87,5.16,85,49.9,1324.996228,1893,8.6,8.8,0.502,9.2
Swaziland,2001,47.1,568,3,6.72,143.6197316,86,49,4,87,5.11,84,48.8,1437.634951,172927,9,9.2,0.506,9.3
Swaziland,2000,48.4,536,3,7.19,25.21683318,83,10,4,87,5.26,84,46.4,1637.4567,161468,9.4,9.6,0.516,9.4
